{
    "MSE": 2111.978759765625,
    "RMSE": 45.956268310546875,
    "MAE": 26.998516082763672,
    "R2 Score": 0.6070137023925781
}