{"mean": [-10.883011817932129, -17.016695022583008], "std": [3.3055474758148193, 4.410476207733154]}