{
    "MSE": 3578.4384765625,
    "RMSE": 59.82004928588867,
    "MAE": 34.11698913574219,
    "R2 Score": 0.33414226770401,
    "High-Value RMSE": 355.3807373046875
}