{
    "MSE": 2176.473388671875,
    "RMSE": 46.652687072753906,
    "MAE": 27.989458084106445,
    "R2 Score": 0.595012903213501,
    "High-Value RMSE": 379.3013610839844
}