{
    "MSE": 2694.66845703125,
    "RMSE": 51.910194396972656,
    "MAE": 30.731332778930664,
    "R2 Score": 0.49858975410461426,
    "High-Value RMSE": 196.78515625
}