{"mean": [-10.9658842086792, -17.101688385009766], "std": [3.3278648853302, 4.479193210601807]}