{
    "epoch": 2,
    "train_mse": 9086.649813677072,
    "val_mse": 8862.512505542272,
    "val_rmse": 96.55036730053781,
    "val_mae": 81.19505171940244,
    "val_r2": 0.0017447000604936447
}